City_ID,City,Country,Lat,Lng,Max Temp,Humidity,Cloudiness,Wind Speed,Current Description
0,Kapaa,US,22.0752,-159.319,82.38,81,40,11.5,scattered clouds
1,Muroto,JP,33.2833,134.15,83.25,81,57,7.14,broken clouds
2,Molchanovo,RU,57.5817,83.7692,72.68,73,100,6.06,light rain
3,Punta Arenas,CL,-53.15,-70.9167,42.91,61,0,5.75,clear sky
4,Snezhnogorsk,RU,69.1933,33.2531,56.98,91,99,2.59,overcast clouds
5,Samarai,PG,-10.6167,150.6667,80.89,79,9,11.18,clear sky
6,Chapais,CA,49.7834,-74.8492,62.38,85,99,5.61,overcast clouds
7,Bredasdorp,ZA,-34.5322,20.0403,47.14,82,32,4.21,scattered clouds
8,Khomutovo,RU,52.4658,104.4025,77.61,64,91,10.29,overcast clouds
9,Tuktoyaktuk,CA,69.4541,-133.0374,45.59,68,42,10.85,scattered clouds
10,Aberdeen,GB,57.1437,-2.0981,55.89,90,100,3.44,overcast clouds
11,Mikhaylovka,RU,50.06,43.2379,72.79,60,93,13.47,overcast clouds
12,Namatanai,PG,-3.6667,152.4333,83.95,69,78,10.27,light rain
13,Chuy,UY,-33.6971,-53.4616,47.95,80,50,4.05,scattered clouds
14,Hithadhoo,MV,-0.6,73.0833,80.1,76,100,16.96,light rain
15,Albany,US,42.6001,-73.9662,64.92,88,0,4.16,clear sky
16,Prachuap Khiri Khan,TH,12.2167,99.75,90.57,56,100,10.02,overcast clouds
17,Bluff,NZ,-46.6,168.3333,48.79,74,67,13.35,broken clouds
18,Malusac,PH,14.8587,120.6215,87.19,81,99,8.52,overcast clouds
19,Atuona,PF,-9.8,-139.0333,76.69,78,15,13.49,few clouds
20,Anloga,GH,5.7947,0.8973,74.43,85,100,14.09,overcast clouds
21,Castro,BR,-24.7911,-50.0119,44.08,85,7,3.24,clear sky
22,Poso,ID,-1.3959,120.7524,82.63,82,65,1.63,broken clouds
23,Curup,ID,-3.4667,102.5333,81.77,64,98,1.59,overcast clouds
24,Tuatapere,NZ,-46.1333,167.6833,44.62,86,77,8.46,light rain
25,Kalmunai,LK,7.4167,81.8167,84.61,66,97,3.18,overcast clouds
26,Paamiut,GL,61.994,-49.6678,42.76,93,83,9.01,broken clouds
27,Hilo,US,19.7297,-155.09,77.29,95,60,6.11,broken clouds
28,Udachnyy,RU,66.4167,112.4,77.63,53,72,7.94,light rain
29,Busselton,AU,-33.65,115.3333,57.16,69,71,11.86,broken clouds
30,Kaitangata,NZ,-46.2817,169.8464,43.43,86,96,11.56,overcast clouds
31,Santa Maria Del Oro,MX,25.9333,-105.3667,70.18,59,90,3.78,overcast clouds
32,Cape Town,ZA,-33.9258,18.4232,47.12,92,25,6.02,scattered clouds
33,Hobart,AU,-42.8794,147.3294,53.46,71,75,10.36,light rain
34,Rudsar,IR,37.1376,50.288,79.41,75,85,2.26,overcast clouds
35,Avarua,CK,-21.2078,-159.775,75.25,73,40,14.97,scattered clouds
36,Tasiilaq,GL,65.6145,-37.6368,35.76,59,20,6.6,few clouds
37,Vaini,TO,-21.2,-175.2,77.16,94,20,9.22,few clouds
38,Ushuaia,AR,-54.8,-68.3,40.66,81,20,21.85,few clouds
39,Kahului,US,20.8947,-156.47,80.62,65,40,21.85,smoke
40,Trelew,AR,-43.249,-65.3051,41.81,67,59,8.08,broken clouds
41,Carnarvon,AU,-24.8667,113.6333,72.37,35,38,7.96,scattered clouds
42,Flinders,AU,-34.5833,150.8552,62.38,55,100,8.01,overcast clouds
43,Qaanaaq,GL,77.484,-69.3632,39.88,70,17,4.97,few clouds
44,Thompson,CA,55.7435,-97.8558,49.51,68,80,5.39,broken clouds
45,Ostrovnoy,RU,68.0531,39.5131,63.32,74,63,9.71,broken clouds
46,Kapoeta,SS,4.7717,33.5903,70.16,88,99,5.95,overcast clouds
47,Port Alfred,ZA,-33.5906,26.891,54.12,71,12,20.47,light rain
48,Gravdal,NO,68.1214,13.5031,58.21,72,4,6.62,clear sky
49,Altay,CN,47.8667,88.1167,80.87,31,76,8.43,broken clouds
50,Saint-Philippe,RE,-21.3585,55.7679,74.21,72,39,14.29,scattered clouds
51,Nelson Bay,AU,-32.7167,152.15,66.09,54,100,5.99,overcast clouds
52,Lompoc,US,34.6391,-120.4579,68.14,93,0,4.61,clear sky
53,Nantucket,US,41.2835,-70.0995,73.15,90,40,0.0,scattered clouds
54,San Quintin,MX,30.4833,-115.95,68.97,82,10,7.14,clear sky
55,Mayo,US,38.8876,-76.5119,77.09,81,0,1.01,clear sky
56,Butaritari,KI,3.0707,172.7902,81.63,70,89,17.11,overcast clouds
57,Pella,RU,59.7775,30.8181,63.03,74,11,5.75,few clouds
58,Izhmorskiy,RU,56.194,86.6414,74.98,63,9,4.76,clear sky
59,Poum,NC,-20.2333,164.0167,72.43,73,60,19.89,broken clouds
60,Sao Joao Da Ponte,BR,-15.9292,-44.0078,65.82,40,0,2.44,clear sky
61,Liuzhou,CN,24.3126,109.3892,94.08,48,49,5.44,scattered clouds
62,Harper,LR,4.375,-7.7169,74.93,81,99,5.28,overcast clouds
63,Obihiro,JP,42.9172,143.2044,86.0,71,94,14.2,moderate rain
64,Kintampo,GH,8.0563,-1.7306,70.09,93,100,3.91,light rain
65,Victoria,HK,22.2855,114.1577,94.96,64,15,5.99,few clouds
66,Lorengau,PG,-2.0226,147.2712,85.28,64,80,11.21,broken clouds
67,Narsaq,GL,60.9167,-46.05,46.62,92,40,3.04,scattered clouds
68,Surgut,RU,61.25,73.4167,64.58,59,40,15.99,scattered clouds
69,Rawson,AR,-43.3002,-65.1023,42.84,66,75,8.57,broken clouds
70,Karonga,MW,-9.9333,33.9333,68.34,71,33,2.15,scattered clouds
71,Monopoli,IT,40.9559,17.2896,79.75,73,2,15.79,clear sky
72,Arlit,NE,18.7369,7.3853,85.87,42,18,16.6,few clouds
73,Nuuk,GL,64.1835,-51.7216,43.41,87,71,8.05,broken clouds
74,Luderitz,NA,-26.6481,15.1594,50.85,69,0,17.47,clear sky
75,Nuevitas,CU,21.5453,-77.2644,79.34,83,36,12.66,scattered clouds
76,Kurumkan,RU,54.3,110.3,62.82,90,100,5.37,overcast clouds
77,Baranoa,CO,10.7941,-74.9164,79.45,89,20,10.36,few clouds
78,Christchurch,NZ,-43.5333,172.6333,52.0,46,75,9.22,broken clouds
79,Klaksvik,FO,62.2266,-6.589,50.92,79,6,19.19,clear sky
80,Cuenca,EC,-2.8833,-78.9833,51.1,94,90,2.44,overcast clouds
81,Myingyan,MM,21.4667,95.3833,95.05,46,100,7.56,heavy intensity rain
82,Sayyan,YE,15.1718,44.3244,57.78,78,100,2.95,overcast clouds
83,Rikitea,PF,-23.1203,-134.9692,72.9,74,12,16.42,light rain
84,Canavieiras,BR,-15.675,-38.9472,73.58,88,47,5.82,scattered clouds
85,Shelburne,CA,44.0787,-80.2041,62.76,73,3,5.61,clear sky
86,Saldanha,ZA,-33.0117,17.9442,50.63,77,7,10.47,clear sky
87,Iralaya,HN,15.0,-83.2333,80.42,85,92,13.24,overcast clouds
88,Leningradskiy,RU,69.3833,178.4167,49.28,67,62,12.48,broken clouds
89,Takaka,NZ,-40.85,172.8,51.57,67,68,2.35,broken clouds
90,Lebu,CL,-37.6167,-73.65,46.58,88,67,3.65,broken clouds
91,New Norfolk,AU,-42.7826,147.0587,53.1,75,100,3.0,moderate rain
92,Ponta Do Sol,PT,32.6667,-17.1,70.72,82,12,5.26,few clouds
93,Chokurdakh,RU,70.6333,147.9167,72.03,37,9,6.24,clear sky
94,Pascagoula,US,30.3658,-88.5561,77.04,95,0,0.0,clear sky
95,Port Hardy,CA,50.6996,-127.4199,60.78,93,11,9.86,few clouds
96,Bouna,CI,9.2667,-3.0,69.89,96,100,3.51,light rain
97,Kirovskiy,RU,45.0917,133.5136,83.62,71,100,4.21,light rain
98,Iskateley,RU,67.6803,53.1512,62.92,40,86,11.05,overcast clouds
99,Jamestown,US,42.097,-79.2353,62.71,74,0,1.99,clear sky
100,Kloulklubed,PW,7.0419,134.2556,83.55,76,83,10.49,broken clouds
101,Port Elizabeth,ZA,-33.918,25.5701,51.31,84,75,18.41,light rain
102,Oktyabrskoye,RU,43.0645,44.7417,71.74,68,0,2.24,clear sky
103,Provideniya,RU,64.3833,-173.3,50.88,75,99,6.11,overcast clouds
104,Airai,TL,-8.9266,125.4092,75.06,49,36,4.14,scattered clouds
105,Aklavik,CA,68.2191,-135.0107,51.46,71,75,6.17,broken clouds
106,Tiznit,MA,29.5833,-9.5,81.27,27,0,3.51,clear sky
107,Encruzilhada,BR,-15.5314,-40.9094,60.01,91,0,3.76,clear sky
108,Marfino,RU,55.7028,37.3822,68.34,52,0,2.24,clear sky
109,Ambon,ID,-3.6954,128.1814,75.34,100,75,10.36,broken clouds
110,Miura,JP,35.14,139.6192,96.6,78,2,16.87,clear sky
111,Yellowknife,CA,62.456,-114.3525,53.44,75,85,5.99,overcast clouds
112,Mananjary,MG,-21.2167,48.3333,67.05,86,8,3.44,clear sky
113,Kangasala,FI,61.4638,24.076,58.98,76,42,3.65,scattered clouds
114,Nikolskoye,RU,59.7035,30.7861,63.88,72,10,5.75,clear sky
115,Krasnyy,RU,54.5678,31.4333,59.77,76,62,5.41,broken clouds
116,Nouadhibou,MR,20.931,-17.0347,70.7,90,65,11.01,broken clouds
117,Anadyr,RU,64.75,177.4833,60.49,51,100,3.4,overcast clouds
118,Saryozek,KZ,44.3583,77.9753,75.02,41,97,1.79,overcast clouds
119,Hermanus,ZA,-34.4187,19.2345,52.79,62,70,2.1,broken clouds
120,Barrow,US,71.2906,-156.7887,35.62,87,100,9.22,overcast clouds
121,Port Blair,IN,11.6667,92.75,84.63,76,100,14.2,overcast clouds
122,Opuwo,NA,-18.0607,13.84,50.65,46,18,3.78,few clouds
123,Kyra,RU,49.5776,111.9753,75.94,43,36,5.1,scattered clouds
124,Itupiranga,BR,-5.1347,-49.3267,79.12,83,31,3.27,scattered clouds
125,Nogliki,RU,51.8333,143.1667,58.75,74,39,10.92,scattered clouds
126,Hambantota,LK,6.1241,81.1185,84.54,84,20,10.36,few clouds
127,Codrington,AU,-38.2667,141.9667,52.57,80,100,21.97,overcast clouds
128,Severo-Kurilsk,RU,50.6789,156.125,56.1,85,27,10.02,scattered clouds
129,Acajutla,SV,13.5928,-89.8275,79.09,84,100,6.87,overcast clouds
130,Jumla,NP,29.2747,82.1838,69.17,82,84,5.23,broken clouds
131,Xam Nua,LA,20.4197,104.0439,85.01,55,100,2.55,overcast clouds
132,Bandarbeyla,SO,9.4942,50.8122,80.89,61,64,27.81,broken clouds
133,Tarabuco,BO,-19.1667,-64.9167,46.56,62,5,4.18,clear sky
134,Ust-Nera,RU,64.5667,143.2,73.78,54,90,2.66,overcast clouds
135,Touros,BR,-5.1989,-35.4608,75.94,85,99,11.16,overcast clouds
136,Norman Wells,CA,65.282,-126.8329,57.15,64,38,7.58,scattered clouds
137,Clyde River,CA,70.4692,-68.5914,35.83,100,100,12.66,light rain
138,Chuguyevka,RU,44.1653,133.8633,85.08,63,100,3.91,overcast clouds
139,Usinsk,RU,65.9939,57.5281,65.32,67,63,4.05,broken clouds
140,Cartagena,CO,10.3997,-75.5144,80.22,83,0,8.05,clear sky
141,Nemuro,JP,43.3236,145.575,72.09,83,87,12.03,overcast clouds
142,Kutum,SD,14.2,24.6667,69.15,80,77,11.01,moderate rain
143,Seddon,AU,-37.8068,144.8916,58.87,53,40,23.02,scattered clouds
144,Arraial Do Cabo,BR,-22.9661,-42.0278,66.34,68,3,12.71,clear sky
145,Salinopolis,BR,-0.6136,-47.3561,78.48,86,92,9.24,overcast clouds
146,At-Bashi,KG,41.1702,75.8106,67.87,41,99,2.8,overcast clouds
147,La Reforma,MX,25.0833,-108.05,81.95,74,13,1.43,few clouds
148,Makakilo City,US,21.3469,-158.0858,80.92,66,20,13.8,few clouds
149,Krasnoselkup,RU,65.7,82.4667,57.9,53,3,22.86,clear sky
150,Kodiak,US,57.79,-152.4072,62.11,72,100,6.91,overcast clouds
151,Salalah,OM,17.0151,54.0924,78.89,83,75,8.05,broken clouds
152,Sitka,US,57.0531,-135.33,58.89,94,100,3.44,light intensity drizzle
153,Namibe,AO,-15.1961,12.1522,58.41,89,12,4.94,few clouds
154,Puerto Ayora,EC,-0.7393,-90.3518,69.55,92,56,5.99,broken clouds
155,Andenes,NO,69.3143,16.1194,60.93,67,17,11.5,few clouds
156,Sao Joao Da Barra,BR,-21.6403,-41.0511,61.9,78,0,8.66,clear sky
157,Arman,RU,59.7,150.1667,59.02,95,100,7.74,light rain
158,Burnie,AU,-41.0667,145.9167,52.95,68,100,17.31,overcast clouds
159,Isangel,VU,-19.55,169.2667,74.57,82,100,7.05,moderate rain
160,Kristiansund,NO,63.1115,7.732,59.05,94,75,3.44,broken clouds
161,Upernavik,GL,72.7868,-56.1549,45.72,77,100,5.06,light rain
162,Steinbach,DE,50.1667,8.5667,67.48,74,0,2.3,clear sky
163,Hasaki,JP,35.7333,140.8333,95.4,72,2,9.51,clear sky
164,Bagdarin,RU,54.4333,113.6,65.43,76,95,4.52,light rain
165,Torbay,CA,47.6666,-52.7314,65.57,85,100,5.99,overcast clouds
166,Muros,ES,42.7762,-9.0603,68.09,71,1,12.71,clear sky
167,Kautokeino,NO,69.0125,23.0412,46.58,80,98,3.42,overcast clouds
168,The Valley,AI,18.217,-63.0578,83.1,85,19,20.78,few clouds
169,Mataura,NZ,-46.1927,168.8643,48.47,93,99,6.33,overcast clouds
170,Mar Del Plata,AR,-38.0023,-57.5575,49.87,95,0,4.0,clear sky
171,Ukiah,US,39.1502,-123.2078,75.36,66,0,6.91,clear sky
172,Saint-Francois,FR,46.4154,3.9054,57.67,88,0,1.14,clear sky
173,Wewak,PG,-3.5534,143.6268,84.74,68,52,9.84,broken clouds
174,Asahikawa,JP,43.7678,142.3703,82.44,68,100,10.22,moderate rain
175,Port-Gentil,GA,-0.7193,8.7815,73.72,84,29,8.97,scattered clouds
176,Luganville,VU,-15.5333,167.1667,79.83,78,100,4.07,overcast clouds
177,Pevek,RU,69.7008,170.3133,50.5,57,14,7.45,few clouds
178,Akonolinga,CM,3.7667,12.25,66.34,93,98,3.04,overcast clouds
179,Cherskiy,RU,68.75,161.3,68.74,36,19,12.26,few clouds
180,Ribeira Grande,PT,38.5167,-28.7,73.33,73,23,3.18,few clouds
181,Loa Janan,ID,-0.583,117.095,76.05,95,100,2.42,light rain
182,Bambous Virieux,MU,-20.3428,57.7575,71.85,78,75,13.8,light rain
183,Kerema,PG,-7.9631,145.7785,80.44,83,80,7.4,broken clouds
184,Asau,RO,46.4333,26.4,65.32,96,100,2.46,light rain
185,Ayacucho,PE,-13.1583,-74.2239,51.8,84,1,2.77,clear sky
186,Nanortalik,GL,60.1432,-45.2371,43.92,89,91,2.01,overcast clouds
187,Maarianhamina,AX,60.0973,19.9348,62.46,67,0,5.75,clear sky
188,Lincoln,US,40.8,-96.667,71.15,84,0,4.61,clear sky
189,Nsanje,MW,-16.92,35.262,64.72,87,0,1.3,clear sky
190,Shihezi,CN,44.3,86.0333,88.3,28,45,5.23,scattered clouds
191,Kavieng,PG,-2.5744,150.7967,84.81,64,78,10.18,broken clouds
192,Mahon,ES,39.8885,4.2658,75.76,73,0,6.91,clear sky
193,Bhinmal,IN,25.0,72.25,86.79,62,91,17.13,overcast clouds
194,Olafsvik,IS,64.8945,-23.7142,48.42,77,5,7.31,clear sky
195,Longyearbyen,SJ,78.2186,15.6401,46.24,93,75,4.61,broken clouds
196,Manawar,IN,22.2333,75.0833,86.43,64,56,12.64,broken clouds
197,Tiksi,RU,71.6872,128.8694,53.89,69,100,5.59,overcast clouds
198,Faanui,PF,-16.4833,-151.75,79.21,71,2,22.86,light rain
199,Hami,CN,42.8,93.45,95.16,16,94,10.45,overcast clouds
200,Deputatskiy,RU,69.3,139.9,71.37,46,85,3.74,overcast clouds
201,Whitehorse,CA,60.7161,-135.0538,66.97,59,75,10.36,light intensity shower rain
202,Katsuura,JP,35.1333,140.3,86.68,70,2,16.64,clear sky
203,Lodja,CD,-3.4833,23.4333,73.29,72,78,1.83,broken clouds
204,Palmer,US,42.1584,-72.3287,69.17,83,0,0.0,clear sky
205,Bethel,US,41.3712,-73.414,71.64,83,0,0.0,clear sky
206,Punta Alta,AR,-38.8759,-62.0736,48.67,80,100,4.99,overcast clouds
207,Vao,NC,-22.6667,167.4833,68.16,76,98,25.39,overcast clouds
208,Bengkulu,ID,-3.8004,102.2655,84.67,64,99,5.39,overcast clouds
209,Geneva,US,41.8875,-88.3054,71.8,79,0,3.44,clear sky
210,Cabo San Lucas,MX,22.8909,-109.9124,86.61,60,41,5.46,scattered clouds
211,Chumikan,RU,54.7183,135.315,59.99,86,94,6.8,overcast clouds
212,Pochutla,MX,15.7432,-96.4661,75.81,89,82,4.41,broken clouds
213,Basoko,CD,1.2391,23.616,71.19,93,99,1.92,overcast clouds
214,Okha,RU,53.5739,142.9478,61.39,64,98,12.1,overcast clouds
215,Beringovskiy,RU,63.05,179.3167,51.48,69,100,3.87,overcast clouds
216,Cidreira,BR,-30.1811,-50.2056,53.76,83,1,7.25,clear sky
217,Husavik,IS,66.0449,-17.3389,44.11,90,100,15.95,overcast clouds
218,Denpasar,ID,-8.65,115.2167,82.06,74,40,14.97,scattered clouds
219,Pangnirtung,CA,66.1451,-65.7125,51.51,93,100,2.93,moderate rain
220,Berlevag,NO,70.8578,29.0864,53.4,93,100,9.22,mist
221,Trinidad,BO,-14.8333,-64.9,67.05,56,2,2.71,clear sky
222,Georgetown,MY,5.4112,100.3354,89.53,75,20,6.91,few clouds
223,Dikson,RU,73.5069,80.5464,41.11,92,82,11.25,broken clouds
224,Kilembe,UG,0.2,30.0,61.59,86,96,1.1,light rain
225,Camana,PE,-16.6228,-72.7111,59.34,82,5,7.54,clear sky
226,East London,ZA,-33.0153,27.9116,55.78,63,6,16.82,clear sky
227,Te Anau,NZ,-45.4167,167.7167,40.5,90,62,1.21,broken clouds
228,Pisco,PE,-13.7,-76.2167,57.02,88,0,3.44,mist
229,Phangnga,TH,8.4509,98.5298,87.84,76,100,7.14,overcast clouds
230,Manuk Mangkaw,PH,4.8,119.85,82.06,78,100,7.76,moderate rain
231,Leshukonskoye,RU,64.8989,45.7622,69.73,66,44,3.2,scattered clouds
232,Saskylakh,RU,71.9167,114.0833,51.89,93,100,11.01,light rain
233,Iquitos,PE,-3.7481,-73.2472,73.44,100,40,0.0,mist
234,Bubaque,GW,11.2833,-15.8333,78.98,80,91,14.23,overcast clouds
235,Plettenberg Bay,ZA,-34.0527,23.3716,51.8,77,84,10.4,light rain
236,Dunedin,NZ,-45.8742,170.5036,43.81,84,100,10.0,overcast clouds
237,Broome,US,42.2506,-75.833,63.36,83,0,0.78,clear sky
238,Kruisfontein,ZA,-34.0033,24.7314,49.62,79,90,14.79,light rain
239,Guerrero Negro,MX,27.9769,-114.0611,70.54,77,5,10.8,clear sky
240,Pilkhuwa,IN,28.7167,77.65,82.98,78,99,5.91,overcast clouds
241,Cardston,CA,49.2,-113.3019,56.62,95,14,8.5,few clouds
242,Rocha,UY,-34.4833,-54.3333,47.23,85,100,3.6,overcast clouds
243,Puteyets,RU,65.1716,57.091,72.1,50,56,8.63,broken clouds
244,Grand Gaube,MU,-20.0064,57.6608,72.0,71,99,11.01,overcast clouds
245,Aksu,CN,41.1231,80.2644,83.73,30,98,3.0,overcast clouds
246,Ciucsangeorgiu,RO,46.3167,25.95,60.39,98,100,0.22,light rain
247,Vad,RU,55.5301,44.2114,65.41,61,0,8.34,clear sky
248,Batticaloa,LK,7.7102,81.6924,83.88,68,100,2.3,overcast clouds
249,Mehamn,NO,71.0357,27.8492,51.75,100,100,6.91,overcast clouds
250,Cordele,US,31.9635,-83.7824,82.92,61,0,3.44,clear sky
251,Lardos,GR,36.0942,28.0157,78.94,66,1,13.91,clear sky
252,Rio Gallegos,AR,-51.6226,-69.2181,34.72,70,99,11.27,overcast clouds
253,La Rioja,ES,42.25,-2.5,56.98,95,2,2.62,clear sky
254,Goure,NE,13.9835,10.2704,74.01,72,100,10.07,overcast clouds
255,Yankton,US,42.8711,-97.3973,75.11,64,20,10.36,few clouds
256,Yulara,AU,-25.2406,130.9889,69.55,27,6,10.13,clear sky
257,Pringsewu,ID,-5.3582,104.9744,86.16,63,76,2.08,broken clouds
258,Dalbandin,PK,28.8947,64.4101,91.9,25,97,14.54,overcast clouds
259,Platteville,US,42.7342,-90.4785,67.51,100,0,5.75,clear sky
260,Oliveira Dos Brejinhos,BR,-12.3169,-42.8961,69.01,38,1,4.0,clear sky
261,Bilibino,RU,68.0546,166.4372,62.17,42,96,9.33,overcast clouds
262,Soverato,IT,38.685,16.5499,80.55,76,4,7.18,clear sky
263,Bowen,AU,-20.0167,148.2333,70.2,70,89,19.1,overcast clouds
264,Paraiso,CR,9.8383,-83.8656,68.88,100,100,4.21,overcast clouds
265,Waipawa,NZ,-41.4122,175.5153,43.05,78,100,17.67,overcast clouds
266,Socota,CO,6.0403,-72.6351,50.74,95,99,2.82,overcast clouds
267,Karratha,AU,-20.7377,116.8463,80.85,29,4,13.53,clear sky
268,Vostok,RU,46.4856,135.8833,77.97,69,100,5.99,overcast clouds
269,Polis,CY,35.0367,32.4264,81.28,56,0,4.18,clear sky
270,Najran,SA,17.4924,44.1277,86.65,35,96,8.7,overcast clouds
271,Balaipungut,ID,1.05,101.2833,89.26,56,27,5.64,scattered clouds
272,Avera,US,33.194,-82.5271,76.55,90,69,3.09,broken clouds
273,Coquimbo,CL,-29.9533,-71.3436,55.13,94,100,2.3,overcast clouds
274,Birchis,RO,45.9667,22.1667,64.31,96,95,6.15,overcast clouds
275,Kristinehamn,SE,59.3098,14.1081,61.36,74,92,6.96,light rain
276,Lesozavodsk,RU,45.4794,133.4244,83.28,71,100,6.71,light rain
277,Fortuna,US,40.5982,-124.1573,60.93,90,100,4.61,overcast clouds
278,Fort Dodge,US,42.4975,-94.168,69.8,68,20,6.91,few clouds
279,Beloha,MG,-25.1667,45.05,68.95,68,5,2.19,clear sky
280,Oranjestad,AW,12.524,-70.027,80.46,84,5,27.29,clear sky
281,Vicosa,BR,-20.7539,-42.8819,54.68,97,13,5.01,few clouds
282,Hay River,CA,60.8156,-115.7999,52.84,75,51,3.67,broken clouds
283,Acapulco,MX,16.8634,-99.8901,82.22,78,75,3.44,broken clouds
284,Bow Island,CA,49.8668,-111.3684,68.63,62,75,2.51,light rain
285,Kabalo,CD,-6.05,26.9167,77.68,58,89,1.52,overcast clouds
286,Hovd,MN,48.0056,91.6419,78.98,27,82,8.68,broken clouds
287,Bayan,CN,46.0833,127.4,86.38,61,48,10.09,scattered clouds
288,Gisborne,NZ,-38.6533,178.0042,48.15,77,66,11.07,broken clouds
289,Muddebihal,IN,16.3333,76.1333,83.59,61,100,7.72,overcast clouds
290,Folldal,NO,62.1325,9.9968,54.79,71,99,3.6,overcast clouds
291,Chicama,PE,-7.8447,-79.1469,57.74,85,35,2.98,scattered clouds
292,Bereda,ES,43.2686,-7.5406,62.15,100,65,6.38,broken clouds
293,Kangaatsiaq,GL,68.3065,-53.4641,41.68,97,92,11.27,overcast clouds
294,Pahrump,US,36.2083,-115.9839,88.25,47,24,5.01,few clouds
295,Sorland,NO,67.667,12.6934,58.86,82,43,11.07,scattered clouds
296,Pimenta Bueno,BR,-11.6725,-61.1936,68.32,50,0,1.63,clear sky
297,Mushie,CD,-3.0167,16.9,75.51,58,38,6.76,scattered clouds
298,Ha Giang,VN,22.8333,104.9833,92.82,57,98,3.42,overcast clouds
299,Lagoa,PT,39.05,-27.9833,72.03,72,0,4.45,clear sky
300,Lasa,IT,46.6166,10.7002,54.36,78,15,5.66,few clouds
301,Auki,SB,-8.7676,160.7034,86.13,62,26,4.7,scattered clouds
302,Rawah,IQ,34.4816,41.9093,96.84,11,4,5.03,clear sky
303,Mareeba,AU,-17.0,145.4333,74.48,71,85,6.69,overcast clouds
304,Okhotsk,RU,59.3833,143.3,58.96,86,100,12.26,overcast clouds
305,Tautira,PF,-17.7333,-149.15,77.47,74,16,23.73,light rain
306,Lidzbark Warminski,PL,54.1259,20.5795,54.93,96,100,9.1,moderate rain
307,Bonavista,CA,48.6499,-53.1147,60.89,85,100,16.11,overcast clouds
308,Dewas,IN,22.9667,76.0667,80.78,70,85,10.63,overcast clouds
309,Qaqortoq,GL,60.7167,-46.0333,42.3,93,42,2.82,scattered clouds
310,Peleduy,RU,59.6289,112.7406,80.24,46,100,0.36,overcast clouds
311,Prince Rupert,CA,54.3161,-130.3201,61.18,96,87,4.14,overcast clouds
312,Ayan,RU,56.45,138.1667,59.29,90,76,11.77,broken clouds
313,West Chester,US,39.9607,-75.6055,74.39,84,0,0.0,clear sky
314,Olinda,BR,-8.0089,-34.8553,74.93,88,75,0.0,broken clouds
315,Plastun,RU,44.7561,136.2939,87.55,56,100,4.63,overcast clouds
316,Montreal,CA,45.5088,-73.5878,66.0,82,2,5.32,clear sky
317,Jacareacanga,BR,-6.2222,-57.7528,78.33,58,92,3.42,overcast clouds
318,Otofuke,JP,42.9917,143.2003,85.03,71,99,16.06,overcast clouds
319,Laguna,US,38.421,-121.4238,79.45,70,0,12.66,clear sky
320,Yuxia,CN,34.0615,108.6291,88.41,56,8,6.55,clear sky
321,Saint-Augustin,CA,51.226,-58.6502,59.95,90,34,10.02,scattered clouds
322,Nara,JP,34.6851,135.8049,98.49,28,69,7.34,broken clouds
323,North Myrtle Beach,US,33.816,-78.68,80.11,93,40,3.44,scattered clouds
324,Panguna,PG,-6.3164,155.4848,79.72,65,24,3.69,light rain
325,Bambanglipuro,ID,-7.95,110.2833,82.18,70,92,11.59,overcast clouds
326,Puerto Colombia,CO,10.9878,-74.9547,80.69,81,31,25.7,scattered clouds
327,Saint-Joseph,RE,-21.3667,55.6167,73.78,69,33,11.14,scattered clouds
328,Palauig,PH,15.435,119.9045,82.74,80,99,11.9,overcast clouds
329,Omachi,JP,36.5,137.8667,92.73,62,24,3.22,few clouds
330,Alekseyevka,RU,50.6309,38.6903,68.67,59,52,9.44,broken clouds
331,Melilla,ES,35.2937,-2.9383,80.98,89,75,8.05,broken clouds
332,Kokopo,PG,-4.352,152.2633,85.8,61,53,15.57,broken clouds
333,Mount Gambier,AU,-37.8333,140.7667,55.31,71,100,20.71,overcast clouds
334,Amahai,ID,-3.3333,128.9167,79.0,89,93,9.51,light rain
335,West Odessa,US,31.8424,-102.4988,87.82,33,0,14.97,clear sky
336,Baykit,RU,61.67,96.37,77.18,68,52,5.61,light rain
337,Road Town,VG,18.4167,-64.6167,82.49,85,9,22.12,clear sky
338,Kashiwazaki,JP,37.3667,138.55,93.88,61,22,6.31,few clouds
339,Evensk,RU,61.95,159.2333,54.3,81,98,11.43,overcast clouds
340,Graaff-Reinet,ZA,-32.2522,24.5308,34.92,84,0,0.51,clear sky
341,Lazaro Cardenas,MX,17.9583,-102.2,78.57,83,99,3.36,overcast clouds
342,Dakar,SN,14.6937,-17.4441,79.68,79,99,13.11,overcast clouds
343,Catalina,US,32.5056,-110.9211,76.59,77,98,5.53,overcast clouds
344,Saint George,US,37.1041,-113.5841,73.99,78,20,3.44,few clouds
345,Pirgos,GR,35.1167,25.7178,84.61,30,0,7.2,clear sky
346,Magole,TZ,-6.3667,37.3667,71.04,70,81,2.35,broken clouds
347,Wilmington,US,34.2257,-77.9447,80.85,91,0,0.0,clear sky
348,Annau,TM,37.8876,58.516,89.1,43,75,6.91,broken clouds
349,Moissala,TD,8.3404,17.7663,68.43,98,46,3.33,moderate rain
350,Agua Branca,BR,-5.8922,-42.6361,70.97,88,36,3.31,scattered clouds
351,Haines Junction,CA,60.7522,-137.5108,60.75,59,40,9.22,scattered clouds
352,Alice Springs,AU,-23.7,133.8833,74.75,17,75,8.05,broken clouds
353,Diego De Almagro,CL,-26.3667,-70.05,54.39,58,6,0.74,clear sky
354,Marsh Harbour,BS,26.5412,-77.0636,82.92,75,95,15.86,overcast clouds
355,Kamoke,PK,31.9744,74.2244,86.81,73,82,9.71,broken clouds
356,Creel,MX,27.75,-107.6333,58.93,74,89,1.77,overcast clouds
357,Iqaluit,CA,63.7506,-68.5145,38.93,100,100,3.44,mist
358,Bati,ET,11.1833,40.0167,69.46,66,99,6.73,overcast clouds
359,Athabasca,CA,54.7169,-113.2854,52.21,92,46,6.67,scattered clouds
360,Villarrica,PY,-25.75,-56.4333,50.5,69,15,3.6,few clouds
361,Vieques,PR,18.425,-65.8329,83.1,89,40,16.11,scattered clouds
362,Havoysund,NO,70.9963,24.6622,52.03,87,98,9.13,overcast clouds
363,Helong,CN,42.5397,128.9972,83.57,69,100,4.16,overcast clouds
364,Anuradhapura,LK,8.3565,80.4173,82.51,74,99,8.93,overcast clouds
365,Acarau,BR,-2.8856,-40.12,76.37,86,52,10.45,broken clouds
366,Rafaela,AR,-31.2503,-61.4867,52.0,52,81,1.01,broken clouds
367,Hurricane,US,37.1753,-113.2899,76.59,41,70,4.38,broken clouds
368,Vila Franca Do Campo,PT,37.7167,-25.4333,68.41,85,26,5.26,scattered clouds
369,Sola,VU,-13.8833,167.55,80.44,74,99,10.0,overcast clouds
370,Saint-Pierre,RE,-21.3393,55.4781,74.88,55,20,5.75,few clouds
371,Itaituba,BR,-4.2761,-55.9836,71.47,98,74,1.16,broken clouds
372,Ginda,IN,30.6945,78.4932,71.85,80,93,4.79,overcast clouds
373,Inhambane,MZ,-23.865,35.3833,55.38,100,20,0.0,fog
374,Zapolyarnyy,RU,69.4154,30.8136,52.88,98,100,2.62,overcast clouds
375,Mao,ES,39.8885,4.2658,75.76,78,0,6.91,clear sky
376,Belmonte,BR,-15.8631,-38.8828,74.62,85,41,6.98,scattered clouds
377,Develi,TR,38.3906,35.4922,63.75,28,0,1.88,clear sky
378,Rivera,UY,-30.9053,-55.5508,45.36,85,56,4.41,broken clouds
379,Viedma,AR,-40.8135,-62.9967,43.32,70,96,4.68,overcast clouds
380,Mecca,SA,21.4267,39.8261,90.68,27,41,5.08,scattered clouds
381,Inirida,CO,3.8653,-67.9239,72.25,98,99,0.43,overcast clouds
382,La Romana,DO,18.4273,-68.9728,80.19,83,79,13.6,broken clouds
383,Merced,US,37.1666,-120.7516,84.43,46,37,10.49,scattered clouds
384,Comodoro Rivadavia,AR,-45.8667,-67.5,39.06,60,0,4.61,clear sky
385,Siguiri,GN,11.6667,-9.5,70.61,95,81,1.32,light rain
386,Katangli,RU,51.7102,143.2326,58.84,73,35,11.18,scattered clouds
387,Korla,CN,41.7597,86.1469,89.15,21,82,10.4,broken clouds
388,Ancud,CL,-41.8697,-73.8203,41.23,88,100,3.78,overcast clouds
389,Goundam,ML,16.4145,-3.6708,83.14,57,10,12.86,clear sky
390,Berkak,NO,62.825,10.0118,55.27,80,99,1.59,light rain
391,Tazovskiy,RU,67.4667,78.7,52.16,57,1,17.43,clear sky
392,Galveston,US,29.3669,-94.9669,85.96,82,46,1.99,scattered clouds
393,Muisne,EC,0.6,-80.0333,74.44,87,98,8.25,overcast clouds
394,Margate,GB,51.3813,1.3862,65.89,87,77,3.0,broken clouds
395,Dong Hoi,VN,17.4833,106.6,95.65,49,26,5.06,scattered clouds
396,Nome,US,64.5011,-165.4064,63.16,55,0,11.5,clear sky
397,Yerbogachen,RU,61.2767,108.0108,78.26,49,52,2.37,broken clouds
398,Mancio Lima,BR,-7.6142,-72.8958,71.38,87,10,2.37,clear sky
399,Faya,SA,18.3851,42.4509,73.92,44,43,4.25,scattered clouds
400,Atar,MR,20.5169,-13.0499,82.13,62,74,4.74,broken clouds
401,Bahia De Caraquez,EC,-0.6,-80.4167,73.58,87,95,8.7,overcast clouds
402,Quatre Cocos,MU,-20.2078,57.7625,71.71,73,93,16.15,light rain
403,Soe,ID,-9.8607,124.284,80.55,45,64,9.73,broken clouds
404,Gubkinskiy,RU,64.434,76.5026,59.67,48,3,20.42,clear sky
405,Padang,ID,-0.9492,100.3543,86.05,65,30,5.53,scattered clouds
406,Dingle,PH,10.9995,122.6711,86.67,72,97,8.55,overcast clouds
407,Duluth,US,46.7833,-92.1066,75.07,75,40,6.91,scattered clouds
408,Ixtapa,MX,20.7,-105.2,75.22,100,100,5.75,thunderstorm
409,Durango,MX,24.8333,-104.8333,63.52,76,99,5.79,overcast clouds
410,Mahebourg,MU,-20.4081,57.7,71.89,78,75,13.8,broken clouds
411,Port Shepstone,ZA,-30.7414,30.455,58.89,82,100,17.07,light rain
412,Svetlogorsk,BY,52.6333,29.7333,65.64,72,100,10.98,overcast clouds
413,Geraldton,AU,-28.7667,114.6,64.81,55,0,10.36,clear sky
414,Boli,CN,45.7667,130.5167,89.42,47,38,6.71,scattered clouds
415,Tabora,TZ,-5.0167,32.8,67.86,59,68,7.14,broken clouds
416,Changli,CN,39.7042,119.1506,86.99,62,3,7.16,clear sky
417,Sao Filipe,CV,14.8961,-24.4956,77.27,79,98,7.4,overcast clouds
418,Tevaitoa,PF,-16.7833,-151.5,78.48,73,6,24.11,light rain
419,Corinto,GR,37.9407,22.9573,82.89,48,0,4.14,clear sky
420,North Palm Beach,US,26.8176,-80.082,84.24,86,40,10.36,scattered clouds
421,Carcassonne,FR,43.25,2.1667,68.09,82,0,6.91,clear sky
422,Cine,TR,37.6117,28.0614,72.81,39,0,1.66,clear sky
423,Shubarkuduk,KZ,49.1447,56.4872,77.49,44,8,5.08,clear sky
424,Sarishabari,BD,24.7333,89.8333,83.32,80,100,2.86,heavy intensity rain
425,Meulaboh,ID,4.1363,96.1285,85.14,65,86,3.31,overcast clouds
426,Erenhot,CN,43.6475,111.9767,86.81,24,84,3.53,broken clouds
427,Sao Geraldo Do Araguaia,BR,-6.4006,-48.555,74.71,59,2,2.24,clear sky
428,Kargasok,RU,59.0556,80.8572,65.19,86,100,10.94,overcast clouds
429,Kuusamo,FI,65.9667,29.1833,53.64,100,100,6.91,light intensity shower rain
430,Lavrentiya,RU,65.5833,-171.0,45.63,79,88,6.73,overcast clouds
431,Gigmoto,PH,13.7796,124.39,85.6,69,100,9.13,overcast clouds
432,Sulzbach-Rosenberg,DE,49.4983,11.7517,55.99,86,26,1.16,scattered clouds
433,Kuntaur,GM,13.6667,-14.8833,73.69,97,100,5.5,moderate rain
434,Ilulissat,GL,69.2167,-51.1,46.42,81,75,3.44,broken clouds
435,Chengde,CN,40.9725,117.9361,89.8,50,44,1.07,scattered clouds
436,Mount Isa,AU,-20.7333,139.5,83.97,16,96,9.22,overcast clouds
437,Afikpo,NG,5.8931,7.9374,70.9,97,99,4.05,light rain
438,Capinopolis,BR,-18.6819,-49.5697,66.52,45,0,5.53,clear sky
439,Petropavlovsk-Kamchatskiy,RU,53.0452,158.6483,59.59,82,75,11.18,light rain
440,Panalingaan,PH,8.7842,117.4231,83.16,78,100,4.36,overcast clouds
441,Businga,CD,3.3333,20.8833,69.57,99,100,1.07,overcast clouds
442,Kralendijk,BQ,12.15,-68.2667,80.58,83,75,16.11,broken clouds
443,Caravelas,BR,-17.7125,-39.2481,70.83,93,36,6.33,scattered clouds
444,Aswan,EG,24.0934,32.907,89.37,18,1,10.74,clear sky
445,Calama,CL,-22.4667,-68.9333,43.29,19,0,18.41,clear sky
446,Taoudenni,ML,22.6783,-3.9836,90.91,37,70,11.97,broken clouds
447,Kavaratti,IN,10.5669,72.642,81.37,82,100,20.94,overcast clouds
448,Khatanga,RU,71.9667,102.5,53.67,65,99,12.5,overcast clouds
449,Puerto Leguizamo,CO,-0.1934,-74.7819,70.09,95,51,1.3,broken clouds
450,Ghugus,IN,19.9333,79.1333,88.11,65,99,6.17,overcast clouds
451,Risod,IN,19.9667,76.7833,83.03,65,83,8.52,broken clouds
452,Baiyin,CN,36.5583,104.2081,84.9,36,98,7.09,overcast clouds
453,Vila,PT,42.0304,-8.1588,58.08,62,2,4.61,clear sky
454,Bagru,IN,26.8088,75.5423,82.74,58,100,13.11,overcast clouds
455,Northam,GB,51.0333,-4.2167,65.39,98,100,18.32,overcast clouds
456,Luanda,AO,-8.8368,13.2343,69.39,81,77,5.41,broken clouds
457,Yar-Sale,RU,66.8333,70.8333,58.96,51,45,11.01,scattered clouds
458,Nosy Varika,MG,-20.5833,48.5333,67.35,82,12,2.91,few clouds
459,Dzaoudzi,YT,-12.7887,45.2699,76.89,83,75,4.61,broken clouds
460,Ballina,AU,-28.8667,153.5667,66.02,73,100,6.58,overcast clouds
461,Vanimo,PG,-2.6741,141.3028,85.08,68,21,9.62,few clouds
462,Shakawe,BW,-18.3667,21.85,52.54,32,0,4.54,clear sky
463,Ravar,IR,31.2656,56.8055,87.42,28,1,7.27,clear sky
464,El Alto,PE,-4.2714,-81.2147,62.01,85,31,13.94,scattered clouds
465,Staryy Nadym,RU,65.6118,72.6842,59.76,47,11,15.88,few clouds
466,Saint Anthony,US,45.0205,-93.218,74.98,69,0,10.36,clear sky
467,Necochea,AR,-38.5473,-58.7368,49.35,79,100,5.88,overcast clouds
468,Urucara,BR,-2.5364,-57.76,72.73,97,98,3.0,overcast clouds
469,Omidiyeh,IR,30.7597,49.705,87.67,70,75,2.3,broken clouds
470,Menongue,AO,-14.6585,17.691,47.82,45,0,3.8,clear sky
471,Tura,IN,25.5198,90.2201,75.9,97,100,5.1,heavy intensity rain
472,Gat,IL,31.61,34.7642,78.08,100,22,1.95,few clouds
473,Toora-Khem,RU,52.4675,96.11,80.98,33,45,1.88,scattered clouds
474,Kununurra,AU,-15.7667,128.7333,91.38,14,19,5.75,few clouds
475,Tshikapa,CD,-6.4167,20.8,68.43,44,0,0.85,clear sky
476,Sao Desiderio,BR,-12.3633,-44.9733,64.51,47,8,3.44,clear sky
477,Shenzhen,CN,22.5455,114.0683,94.86,52,32,7.85,scattered clouds
478,Tame,CO,6.461,-71.73,70.9,94,100,3.4,overcast clouds
479,Srivardhan,IN,18.0333,73.0167,83.34,77,49,9.91,scattered clouds
480,Nikolsk,RU,53.7189,46.0712,62.53,79,100,6.2,overcast clouds
481,Kiruna,SE,67.8557,20.2251,43.72,93,20,2.3,few clouds
482,Mogadishu,SO,2.0371,45.3438,76.98,74,65,17.54,broken clouds
483,Mazyr,BY,52.0495,29.2456,65.82,66,100,11.97,overcast clouds
484,Labuhan,ID,-6.8844,112.2051,86.68,56,95,4.05,overcast clouds
485,Komsomolskiy,UZ,40.4272,71.7189,86.72,25,84,9.22,broken clouds
486,Rucheng,CN,32.3883,120.5553,91.96,74,62,10.07,broken clouds
487,Cayenne,GF,4.9333,-52.3333,78.1,1,75,1.14,broken clouds
488,Slavyanka,RU,42.8633,131.3847,78.03,80,98,9.42,overcast clouds
489,Rio Grande,BR,-32.035,-52.0986,50.27,75,48,6.24,scattered clouds
490,Aykhal,RU,66.0,111.5,72.95,62,82,8.81,moderate rain
491,Kenai,US,60.5544,-151.2583,62.02,92,100,10.36,overcast clouds
492,Fort Nelson,CA,58.8053,-122.7002,65.79,82,100,2.3,overcast clouds
493,Vardo,NO,70.3705,31.1107,51.78,100,100,10.36,overcast clouds
494,Shimoda,JP,34.6667,138.95,92.1,70,0,13.51,clear sky
495,Grindavik,IS,63.8424,-22.4338,48.15,93,75,8.05,broken clouds
496,Rajanpur,PK,29.1035,70.325,91.38,60,100,13.47,overcast clouds
497,Darhan,MN,49.4867,105.9228,79.56,41,75,4.81,broken clouds
498,Sinazongwe,ZM,-17.2614,27.4618,58.55,42,0,2.15,clear sky
499,Ustrzyki Dolne,PL,49.4304,22.5938,63.99,100,100,0.43,overcast clouds
500,Ust-Maya,RU,60.4167,134.5333,84.85,42,67,4.27,broken clouds
501,Hellvik,NO,59.9156,5.781,59.77,93,100,1.01,overcast clouds
502,Alto Araguaia,BR,-17.3147,-53.2153,61.72,56,2,3.67,clear sky
503,Ust-Kulom,RU,61.6864,53.6902,74.07,49,99,3.36,overcast clouds
504,Tilichiki,RU,60.4667,166.1,53.73,76,99,7.63,light rain
505,Thomasville,US,35.8826,-80.082,77.41,93,85,5.19,moderate rain
506,Bathsheba,BB,13.2167,-59.5167,83.01,96,40,20.71,scattered clouds
507,Severnyy,RU,50.677,36.5532,69.84,56,0,4.47,clear sky
508,Rantauprapat,ID,2.1,99.8333,90.97,49,32,3.87,scattered clouds
509,Batemans Bay,AU,-35.7167,150.1833,60.64,54,100,8.01,light rain
510,Talnakh,RU,69.4865,88.3972,51.21,78,97,18.77,overcast clouds
511,Alta Floresta,BR,-9.8756,-56.0861,67.55,46,1,1.97,clear sky
512,Nicolas Bravo,MX,18.45,-88.9167,72.88,99,51,2.35,broken clouds
513,Impfondo,CG,1.6381,18.0667,68.7,79,73,2.17,broken clouds
514,East Bridgewater,US,42.0334,-70.9592,72.84,79,4,4.34,clear sky
515,Brigantine,US,39.4101,-74.3646,77.0,78,0,4.61,clear sky
516,Sobreira,PT,41.5237,-7.8023,68.52,52,0,5.44,clear sky
517,Omboue,GA,-1.5746,9.2618,71.87,88,48,5.03,scattered clouds
518,Kasama,ZM,-10.2129,31.1808,58.48,58,30,3.71,scattered clouds
519,Mineros,BO,-17.1167,-63.2333,61.43,55,5,3.49,clear sky
520,San Jose,US,37.3394,-121.895,66.09,82,40,13.8,scattered clouds
521,Kidodi,TZ,-7.6036,37.0044,71.53,74,49,1.01,scattered clouds
522,Buritama,BR,-21.0661,-50.1472,60.26,34,0,7.0,clear sky
523,Derzhavinsk,KZ,51.1,66.3167,71.71,51,96,11.97,overcast clouds
524,Eureka,US,40.8021,-124.1637,61.2,88,78,1.23,broken clouds
525,Tessalit,ML,20.1986,1.0114,84.65,46,67,7.52,broken clouds
526,Santa Rosa,PH,14.3122,121.1114,87.12,73,97,6.06,overcast clouds
527,Marrakesh,MA,31.6315,-8.0083,80.67,44,0,2.3,clear sky
528,Vicam,MX,27.6333,-110.2833,85.86,65,50,1.9,scattered clouds
529,San Andres,CO,12.5847,-81.7006,82.42,78,75,14.97,broken clouds
530,Naze,JP,28.3667,129.4833,85.12,88,89,29.37,light rain
531,Vorokhta,UA,48.2869,24.5719,60.75,97,100,3.18,light rain
532,Valparaiso,CL,-33.0393,-71.6273,53.47,90,0,4.61,clear sky
533,Tual,ID,-5.6667,132.75,79.21,86,67,19.57,broken clouds
534,Nanchong,CN,30.7951,106.0847,92.97,53,38,6.49,scattered clouds
535,Berwick,US,41.0545,-76.2333,67.32,91,0,2.84,clear sky
536,Alyangula,AU,-13.8483,136.4192,77.36,65,24,5.26,few clouds
537,Santa Teresa,VE,10.2341,-66.6631,69.76,98,59,2.04,broken clouds
538,Huarmey,PE,-10.0681,-78.1522,62.47,85,3,7.14,clear sky
539,Biak,ID,-0.9131,122.8766,81.18,78,82,5.61,broken clouds
540,Sioux Lookout,CA,50.1001,-91.917,69.87,68,40,4.61,scattered clouds
541,Rabaul,PG,-4.1967,152.1721,86.09,64,47,15.7,scattered clouds
542,Nurota,UZ,40.5614,65.6886,85.33,27,0,10.42,clear sky
543,Abu Kamal,SY,34.4506,40.9171,92.35,20,0,10.36,clear sky
544,Ongandjera,NA,-17.8833,15.0667,51.55,45,5,4.34,clear sky
545,Henties Bay,NA,-22.116,14.2845,54.54,80,65,6.82,broken clouds
546,Gornopravdinsk,RU,60.05,69.9,72.54,65,96,9.22,overcast clouds
547,Xuddur,SO,4.1213,43.8894,73.29,69,25,21.41,scattered clouds
548,Paka,MY,4.6374,103.4368,85.93,79,20,4.61,moderate rain
549,Sao Gabriel Da Cachoeira,BR,-0.1303,-67.0892,71.6,97,97,1.14,overcast clouds
550,Mabaruma,GY,8.2,-59.7833,73.42,96,71,1.92,broken clouds
551,Neiafu,TO,-18.65,-173.9833,79.48,83,20,10.36,few clouds
552,Yairipok,IN,24.6667,94.0667,76.86,80,90,3.53,overcast clouds
553,Hirara,JP,24.8,125.2833,88.07,74,75,8.05,light rain
554,Havre-Saint-Pierre,CA,50.2334,-63.5986,55.76,94,100,11.5,overcast clouds
555,Filadelfia,US,39.9523,-75.1638,76.01,74,0,3.44,clear sky
556,Banda Aceh,ID,5.5577,95.3222,86.2,63,99,12.57,overcast clouds
557,Bangaon,IN,23.0667,88.8167,94.35,53,100,10.2,overcast clouds
558,Adrar,MR,20.5022,-10.0711,85.35,50,5,10.49,clear sky
559,Fare,PF,-16.7,-151.0167,78.69,72,0,24.9,light rain
560,Grandview,US,38.8858,-94.533,71.6,95,100,0.0,overcast clouds
561,Aimores,BR,-19.4958,-41.0639,62.83,89,5,2.71,clear sky
562,Nyrob,RU,60.733,56.7202,70.59,62,100,3.98,overcast clouds
563,Fort Frances,CA,48.5999,-93.4003,70.02,83,75,3.44,moderate rain
564,Svetlyy,RU,54.675,20.1347,63.97,72,100,9.13,light rain
565,Havre,FR,49.5833,0.3333,64.8,88,100,13.8,overcast clouds
566,Sulina,RO,45.1559,29.6536,78.28,63,15,2.1,few clouds
567,Shahr-E Babak,IR,30.1165,55.1186,78.01,43,25,5.1,scattered clouds
568,Ambilobe,MG,-13.2,49.05,74.19,59,0,5.17,clear sky
569,Cabedelo,BR,-6.9811,-34.8339,74.07,87,100,7.16,overcast clouds
570,Redmond,US,47.674,-122.1215,81.88,66,0,3.27,clear sky
571,Banjarmasin,ID,-3.3244,114.591,82.54,76,99,4.14,overcast clouds
572,Sorong,ID,-0.8833,131.25,84.47,69,99,8.25,overcast clouds
573,Pingxiang,CN,27.6167,113.85,96.48,39,10,4.76,clear sky
574,Belozerskoye,RU,55.8214,65.5842,72.75,61,43,7.25,scattered clouds
575,Bud,US,39.447,-86.1758,69.94,87,100,5.08,overcast clouds
576,Kathu,TH,7.9178,98.3332,88.7,90,100,9.35,overcast clouds
577,Katherine,AU,-14.4667,132.2667,89.92,19,83,10.36,broken clouds
578,Asyut,EG,27.181,31.1837,83.98,26,2,6.33,clear sky
579,Tsaratanana,MG,-16.7833,47.65,69.31,61,5,10.49,clear sky
580,Tabou,CI,4.423,-7.3528,74.95,81,100,5.55,overcast clouds
581,Salamiyah,SY,35.0113,37.0532,78.48,47,0,6.38,clear sky
582,General Roca,AR,-39.0333,-67.5833,46.04,60,100,3.36,overcast clouds
583,Santa Maria,BR,-29.6842,-53.8069,46.89,89,1,4.36,clear sky
584,Constitucion,CL,-35.3333,-72.4167,50.07,91,61,5.01,broken clouds
585,Kasongo-Lunda,CD,-6.4667,16.8167,63.57,65,0,0.83,clear sky
586,Palmas Bellas,PA,9.2319,-80.0867,80.02,90,95,6.2,overcast clouds
587,Pismo Beach,US,35.1428,-120.6413,70.63,84,0,4.61,clear sky
588,Caen,FR,49.0833,-0.4167,64.62,88,100,6.91,overcast clouds
589,Alice Town,BS,25.7167,-79.3,83.73,74,7,18.92,clear sky
590,Lithgow,AU,-33.4833,150.15,50.94,65,100,8.23,light rain
591,Pumiao,CN,22.75,108.4833,95.4,41,76,7.7,broken clouds
592,Shizunai,JP,42.3339,142.3669,77.56,79,94,10.27,overcast clouds
593,Defiance,US,41.3334,-84.45,66.18,82,0,3.44,clear sky
594,Marinette,US,45.1,-87.6307,68.09,83,0,6.91,clear sky
595,Nago,JP,26.5881,127.9761,85.05,94,100,26.17,light rain
596,Sabana Grande De Boya,DO,18.945,-69.7933,71.69,97,98,1.59,overcast clouds
597,Tuy Hoa,VN,13.0833,109.3,94.46,51,93,3.13,overcast clouds
598,Tsabong,BW,-26.0217,22.401,46.38,56,12,9.51,few clouds
599,Ust-Kut,RU,56.7938,105.7672,62.96,96,100,4.94,light rain
600,Esperance,AU,-33.8667,121.9,58.53,56,35,16.64,scattered clouds
601,Varzelandia,BR,-15.7014,-44.0275,66.51,38,0,3.94,clear sky
602,Marawi,PH,7.9986,124.2928,76.55,81,100,1.07,overcast clouds
603,Tenenkou,ML,14.4572,-4.9169,77.32,68,52,5.93,broken clouds
604,Quelimane,MZ,-17.8786,36.8883,60.75,94,0,0.0,fog
605,Florianopolis,BR,-27.6146,-48.5012,55.4,94,0,2.3,clear sky
606,Nkhata Bay,MW,-11.6066,34.2907,66.76,67,0,4.61,clear sky
607,Santa Cruz,BO,-17.8,-63.1667,67.46,52,100,4.61,overcast clouds
608,Butler,US,39.4501,-84.5666,68.36,82,0,3.44,clear sky
609,Japura,ID,-0.3167,102.35,90.59,52,53,4.92,broken clouds
610,Guapi,CO,2.5708,-77.8854,74.97,96,99,4.41,light rain
611,Kikwit,CD,-5.041,18.8162,72.43,42,30,2.21,scattered clouds
612,Tutoia,BR,-2.7619,-42.2744,76.86,88,86,11.01,overcast clouds
613,Turukhansk,RU,65.8167,87.9833,60.13,50,0,23.78,clear sky
614,Cravo Norte,CO,6.3017,-70.2041,75.15,91,86,3.47,overcast clouds
615,Port Moresby,PG,-9.4431,147.1797,87.22,66,40,11.5,haze
616,Gwadar,PK,25.1216,62.3254,82.65,81,99,11.03,overcast clouds
617,New Ipswich,US,42.7481,-71.8542,64.15,90,0,1.99,clear sky
618,Kaabong,UG,3.4836,34.1492,64.02,77,90,1.92,overcast clouds
619,Vuktyl,RU,63.8567,57.3094,68.02,55,46,10.89,scattered clouds
620,Saint-Georges,GD,12.0564,-61.7485,79.93,84,42,17.27,scattered clouds
621,Mount Pleasant,US,32.7941,-79.8626,84.99,88,75,3.44,broken clouds
622,Lerwick,GB,60.1545,-1.1494,53.6,85,73,12.19,broken clouds
623,Nhulunbuy,AU,-12.2333,136.7667,81.21,69,75,13.8,broken clouds
624,Mombetsu,JP,44.3525,143.3525,73.42,83,75,18.41,broken clouds
625,Yangambi,CD,0.8102,24.4336,69.66,97,95,0.25,overcast clouds
626,Wajima,JP,37.4,136.9,92.08,51,40,16.11,scattered clouds
627,Magadan,RU,59.5667,150.8,58.53,89,100,7.16,overcast clouds
628,Koumac,NC,-20.5667,164.2833,72.48,72,66,18.86,broken clouds
629,Severo-Yeniseyskiy,RU,60.3725,93.0408,78.35,48,19,6.71,few clouds
630,Aktash,RU,50.3,87.7333,62.58,46,73,1.1,broken clouds
631,Riyadh,SA,24.6877,46.7219,93.34,46,72,8.97,broken clouds
632,Markova,UA,48.6758,24.4138,63.3,94,100,2.59,overcast clouds
633,Kismayo,SO,-0.3582,42.5454,76.77,78,62,14.27,light rain
634,Yining,CN,29.0361,114.5636,95.41,43,3,2.06,clear sky
635,Sinnamary,GF,5.3833,-52.95,77.74,84,81,7.78,broken clouds
636,Santa Isabel Do Rio Negro,BR,-0.4139,-65.0192,70.0,97,90,2.33,overcast clouds
637,Laplace,US,30.0666,-90.4801,78.98,90,0,0.0,clear sky
638,Nikel,RU,69.4128,30.222,53.78,97,100,2.84,overcast clouds
639,Verkhnevilyuysk,RU,63.4453,120.3167,77.77,54,80,4.38,broken clouds
640,Korsakov,RU,46.6328,142.7813,64.24,77,45,13.2,scattered clouds
641,Kandrian,PG,-6.2167,149.55,84.72,69,75,12.39,broken clouds
642,Ciudad Bolivar,VE,8.1222,-63.5497,76.86,86,100,7.94,overcast clouds
643,Mayor Pablo Lagerenza,PY,-19.9309,-60.7718,59.94,51,2,5.26,clear sky
644,Kathmandu,NP,27.7167,85.3167,77.22,83,75,3.44,broken clouds
645,Grootfontein,NA,-19.5667,18.1167,49.57,37,2,4.61,clear sky
646,Mackay,AU,-21.15,149.2,71.69,75,100,14.79,overcast clouds
647,Harbour Breton,CA,47.4833,-55.7983,61.47,98,95,11.32,overcast clouds
648,Planaltina,BR,-15.4528,-47.6142,63.0,40,1,3.36,clear sky
649,Tortoli,IT,39.9256,9.6572,80.42,36,0,10.36,clear sky
650,Manicore,BR,-5.8092,-61.3003,71.55,94,0,1.14,clear sky
651,Tabas,IR,33.5959,56.9244,95.22,28,0,6.91,clear sky
652,Monteiro,BR,-7.8894,-37.12,68.34,93,96,5.35,overcast clouds
653,Buraydah,SA,26.326,43.975,93.65,38,99,7.11,overcast clouds
654,Naryan-Mar,RU,67.6713,53.087,63.0,40,87,11.07,overcast clouds
655,Culfa,AZ,38.9558,45.6308,84.07,45,29,5.17,scattered clouds
656,Lokoja,NG,7.8024,6.743,72.0,98,100,3.27,overcast clouds
657,Gracac,HR,44.3006,15.8547,60.55,71,0,6.78,clear sky
658,La Ronge,CA,55.1001,-105.2842,61.05,77,75,5.75,broken clouds
659,Thinadhoo,MV,0.5333,72.9333,77.95,88,100,19.39,heavy intensity rain
660,Araouane,ML,18.9048,-3.5265,89.04,39,97,4.56,overcast clouds
661,Buribay,RU,51.9617,58.1592,66.36,67,100,6.29,overcast clouds
662,Itacoatiara,BR,-3.1431,-58.4442,72.75,95,93,3.62,overcast clouds
663,Adamovka,RU,51.5223,59.9396,72.75,48,55,7.14,broken clouds
664,Tessaoua,NE,13.7574,7.9874,75.88,74,99,8.05,overcast clouds
665,San Carlos De Bariloche,AR,-41.1456,-71.3082,30.24,74,0,5.75,clear sky
666,Merrill,US,45.1805,-89.6835,65.12,84,0,3.44,clear sky
667,Igrim,RU,63.1906,64.4162,65.07,49,78,11.39,broken clouds
668,Brownsville,US,25.9018,-97.4975,83.91,84,0,6.91,clear sky
669,Ulaangom,MN,49.9811,92.0667,73.87,44,100,5.39,overcast clouds
670,San Patricio,US,28.017,-97.5169,85.89,73,71,13.33,broken clouds
671,Rawlins,US,41.7911,-107.2387,75.09,29,75,16.11,broken clouds
672,Lampa,CL,-33.2833,-70.9,50.65,81,100,1.14,overcast clouds
673,Zhuanghe,CN,39.7008,122.9911,77.61,91,100,10.51,overcast clouds
674,Tupik,RU,54.4253,119.9327,72.84,69,99,9.22,light rain
675,Vestmannaeyjar,IS,63.4427,-20.2734,49.64,78,15,15.1,few clouds
676,Shaoyang,CN,27.2315,111.4525,91.72,47,32,2.28,scattered clouds
677,Wanning,CN,18.8003,110.3967,88.25,68,40,9.19,scattered clouds
678,Mulchen,CL,-37.7167,-72.2333,42.24,98,62,1.39,broken clouds
679,Challakere,IN,14.3167,76.65,82.62,62,73,6.13,broken clouds
680,Cockburn Town,TC,21.4612,-71.1419,81.82,87,29,24.36,scattered clouds
681,Yarim,YE,14.298,44.3779,54.57,81,100,4.36,moderate rain
682,Thung Song,TH,8.1645,99.6804,93.42,67,100,7.56,overcast clouds
683,Tailai,CN,46.3833,123.4,87.28,58,99,13.09,overcast clouds
684,Hobyo,SO,5.3505,48.5268,78.01,74,63,22.5,broken clouds
685,Salyan,AZ,39.5936,48.9805,80.51,58,82,2.66,light rain
686,Zhoucheng,CN,35.9122,116.3117,89.26,60,17,5.97,few clouds
687,Soyo,AO,-6.1349,12.3689,71.8,83,88,7.56,overcast clouds
688,Miguel Hidalgo,MX,19.4225,-99.2028,62.51,68,75,10.0,broken clouds
689,Osypenko,UA,46.9136,36.8253,78.8,39,2,16.04,clear sky
690,Dosso,NE,13.049,3.1937,74.44,83,95,13.89,overcast clouds
691,Bintulu,MY,3.1667,113.0333,86.41,70,40,4.61,light rain
692,Bacalar,MX,18.6667,-88.3833,75.83,94,86,4.29,overcast clouds
693,Chifeng,CN,42.2683,118.9636,88.95,41,15,4.63,few clouds
